AccountID,Name,Date,Amount,Transaction Number,Is Subscription or Not
1,yo,2016-11-08 00:00:00,16,1,0
1,iw,2018-07-19 00:00:00,47,2,0
1,xb,2018-10-07 00:00:00,38,3,0
1,is,2015-12-05 00:00:00,51,4,0
1,xp,2016-01-05 00:00:00,58,5,0
1,mu,2016-08-19 00:00:00,47,6,0
1,jh,2015-05-26 00:00:00,17,7,0
1,cs,2016-10-30 00:00:00,42,8,0
1,ye,2016-01-15 00:00:00,11,9,0
1,dh,2016-05-13 00:00:00,20,10,0
1,ns,2017-08-12 00:00:00,46,11,0
1,qt,2016-04-25 00:00:00,59,12,0
1,gh,2018-02-03 00:00:00,3,13,0
1,bx,2018-07-03 00:00:00,1,14,0
1,io,2018-09-10 00:00:00,3,15,0
1,mx,2015-06-27 00:00:00,37,16,0
1,be,2017-08-09 00:00:00,8,17,0
1,wz,2018-08-05 00:00:00,13,18,0
1,zu,2015-05-14 00:00:00,44,19,0
1,qe,2016-01-17 00:00:00,16,20,0
1,ds,2015-02-03 00:00:00,33,21,0
1,qk,2018-05-29 00:00:00,34,22,0
1,oi,2017-03-22 00:00:00,1,23,0
1,st,2017-04-03 00:00:00,4,24,0
1,io,2018-02-04 00:00:00,3,25,0
1,ks,2018-10-12 00:00:00,60,26,0
1,rw,2015-03-05 00:00:00,14,27,0
1,qu,2015-05-27 00:00:00,52,28,0
1,pt,2015-09-20 00:00:00,53,29,0
1,ge,2018-02-15 00:00:00,46,30,0
1,kg,2018-06-28 00:00:00,29,31,0
1,lb,2017-03-27 00:00:00,58,32,0
1,ps,2015-09-20 00:00:00,41,33,0
1,cu,2018-07-04 00:00:00,16,34,0
1,rh,2015-12-14 00:00:00,51,35,0
1,gn,2017-11-30 00:00:00,58,36,0
1,pq,2015-02-02 00:00:00,60,37,0
1,yg,2016-05-05 00:00:00,11,38,0
1,kd,2015-02-08 00:00:00,6,39,0
1,jy,2016-07-28 00:00:00,10,40,0
1,ir,2017-05-22 00:00:00,11,41,0
1,qq,2017-06-16 00:00:00,50,42,0
1,ig,2017-06-29 00:00:00,51,43,0
1,mm,2016-09-23 00:00:00,60,44,0
1,nf,2017-06-23 00:00:00,4,45,0
1,sb,2018-10-06 00:00:00,29,46,0
1,ro,2015-12-17 00:00:00,2,47,0
1,oo,2018-05-27 00:00:00,29,48,0
1,ga,2018-06-18 00:00:00,48,49,0
1,jp,2015-02-13 00:00:00,26,50,0
1,ai,2017-07-12 00:00:00,42,51,0
1,rg,2017-07-23 00:00:00,2,52,0
1,vs,2018-03-11 00:00:00,39,53,0
1,bw,2015-08-31 00:00:00,11,54,0
1,hq,2018-06-17 00:00:00,19,55,0
1,yu,2016-10-12 00:00:00,22,56,0
1,cq,2016-05-07 00:00:00,36,57,0
1,fn,2015-08-14 00:00:00,54,58,0
1,ln,2017-08-04 00:00:00,46,59,0
1,ya,2017-09-13 00:00:00,22,60,0
1,ut,2018-05-10 00:00:00,17,61,0
1,kk,2017-01-12 00:00:00,16,62,0
1,oi,2016-05-03 00:00:00,53,63,0
1,qe,2018-06-18 00:00:00,8,64,0
1,lb,2018-02-14 00:00:00,2,65,0
1,ts,2016-02-09 00:00:00,9,66,0
1,ez,2018-11-24 00:00:00,42,67,0
1,dw,2015-08-02 00:00:00,54,68,0
1,kb,2017-03-19 00:00:00,49,69,0
1,js,2017-11-09 00:00:00,6,70,0
1,sz,2016-04-24 00:00:00,7,71,0
1,aj,2015-04-14 00:00:00,50,72,0
1,ur,2018-01-03 00:00:00,51,73,0
1,eh,2015-07-21 00:00:00,45,74,0
1,vs,2015-06-23 00:00:00,42,75,0
1,hg,2016-03-26 00:00:00,22,76,0
1,qc,2018-12-23 00:00:00,1,77,0
1,ba,2015-12-07 00:00:00,19,78,0
1,jp,2018-11-08 00:00:00,33,79,0
1,jb,2017-08-29 00:00:00,1,80,0
1,gx,2018-12-31 00:00:00,31,81,0
1,th,2015-12-09 00:00:00,16,82,0
1,ic,2018-10-12 00:00:00,6,83,0
1,ja,2017-03-12 00:00:00,19,84,0
1,hw,2018-06-24 00:00:00,28,85,0
1,je,2015-05-30 00:00:00,44,86,0
1,ws,2017-06-30 00:00:00,44,87,0
1,lm,2016-03-25 00:00:00,19,88,0
1,sq,2016-11-02 00:00:00,47,89,0
1,ov,2016-12-16 00:00:00,10,90,0
1,uu,2015-03-05 00:00:00,27,91,0
1,ck,2018-05-27 00:00:00,30,92,0
1,bs,2017-07-11 00:00:00,7,93,0
1,po,2017-12-21 00:00:00,3,94,0
1,cw,2017-02-16 00:00:00,16,95,0
1,ul,2018-08-24 00:00:00,58,96,0
1,kh,2015-04-13 00:00:00,41,97,0
1,sw,2018-04-13 00:00:00,22,98,0
1,id,2017-04-26 00:00:00,25,99,0
1,Pandora Plus,2015-01-01 00:00:00,4.99,100,1
1,Pandora Plus,2015-02-01 00:00:00,4.99,101,1
1,Pandora Plus,2015-03-01 00:00:00,4.99,102,1
1,Pandora Plus,2015-04-01 00:00:00,4.99,103,1
1,Pandora Plus,2015-05-01 00:00:00,4.99,104,1
1,Pandora Plus,2015-06-01 00:00:00,4.99,105,1
1,Pandora Plus,2015-07-01 00:00:00,4.99,106,1
1,Pandora Plus,2015-08-01 00:00:00,4.99,107,1
1,Pandora Plus,2015-09-01 00:00:00,4.99,108,1
1,Pandora Plus,2015-10-01 00:00:00,4.99,109,1
1,Pandora Plus,2015-11-01 00:00:00,4.99,110,1
1,Pandora Plus,2016-01-01 00:00:00,4.99,111,1
1,Pandora Plus,2016-02-01 00:00:00,4.99,112,1
1,Pandora Plus,2016-03-01 00:00:00,4.99,113,1
1,Pandora Plus,2016-04-01 00:00:00,4.99,114,1
1,Pandora Plus,2016-05-01 00:00:00,4.99,115,1
1,Pandora Plus,2016-06-01 00:00:00,4.99,116,1
1,Pandora Plus,2016-07-01 00:00:00,4.99,117,1
1,Pandora Plus,2016-08-01 00:00:00,4.99,118,1
1,Pandora Plus,2016-09-01 00:00:00,4.99,119,1
1,Pandora Plus,2016-10-01 00:00:00,4.99,120,1
1,Pandora Plus,2016-11-01 00:00:00,4.99,121,1
1,Pandora Plus,2017-01-01 00:00:00,4.99,122,1
1,Pandora Plus,2017-02-01 00:00:00,4.99,123,1
1,Pandora Plus,2017-03-01 00:00:00,4.99,124,1
1,Pandora Plus,2017-04-01 00:00:00,4.99,125,1
1,Pandora Plus,2017-05-01 00:00:00,4.99,126,1
1,Pandora Plus,2017-06-01 00:00:00,4.99,127,1
1,Pandora Plus,2017-07-01 00:00:00,4.99,128,1
1,Pandora Plus,2017-08-01 00:00:00,4.99,129,1
1,Pandora Plus,2017-09-01 00:00:00,4.99,130,1
1,Pandora Plus,2017-10-01 00:00:00,4.99,131,1
1,Pandora Plus,2017-11-01 00:00:00,4.99,132,1
1,Camfed donation,2015-01-01 00:00:00,15,133,1
1,Camfed donation,2015-02-01 00:00:00,15,134,1
1,Camfed donation,2015-03-01 00:00:00,15,135,1
1,Camfed donation,2015-04-01 00:00:00,15,136,1
1,Camfed donation,2015-05-01 00:00:00,15,137,1
1,Camfed donation,2015-06-01 00:00:00,15,138,1
1,Camfed donation,2015-07-01 00:00:00,15,139,1
1,Camfed donation,2015-08-01 00:00:00,15,140,1
1,Camfed donation,2015-09-01 00:00:00,15,141,1
1,Camfed donation,2015-10-01 00:00:00,15,142,1
1,Camfed donation,2015-11-01 00:00:00,15,143,1
1,Camfed donation,2016-01-01 00:00:00,15,144,1
1,Camfed donation,2016-02-01 00:00:00,15,145,1
1,Camfed donation,2016-03-01 00:00:00,15,146,1
1,Camfed donation,2016-04-01 00:00:00,15,147,1
1,Camfed donation,2016-05-01 00:00:00,15,148,1
1,Camfed donation,2016-06-01 00:00:00,15,149,1
1,Camfed donation,2016-07-01 00:00:00,15,150,1
1,Camfed donation,2016-08-01 00:00:00,15,151,1
1,Camfed donation,2016-09-01 00:00:00,15,152,1
1,Camfed donation,2016-10-01 00:00:00,15,153,1
1,Camfed donation,2016-11-01 00:00:00,15,154,1
1,Camfed donation,2017-01-01 00:00:00,15,155,1
1,Camfed donation,2017-02-01 00:00:00,15,156,1
1,Camfed donation,2017-03-01 00:00:00,15,157,1
1,Camfed donation,2017-04-01 00:00:00,15,158,1
1,Camfed donation,2017-05-01 00:00:00,15,159,1
1,Camfed donation,2017-06-01 00:00:00,15,160,1
1,Camfed donation,2017-07-01 00:00:00,15,161,1
1,Camfed donation,2017-08-01 00:00:00,15,162,1
1,Camfed donation,2017-09-01 00:00:00,15,163,1
1,Camfed donation,2017-10-01 00:00:00,15,164,1
1,Camfed donation,2017-11-01 00:00:00,15,165,1
1,blue apron,2015-01-01 00:00:00,39.9,166,1
1,blue apron,2015-02-01 00:00:00,39.9,167,1
1,blue apron,2015-03-01 00:00:00,39.9,168,1
1,blue apron,2015-04-01 00:00:00,39.9,169,1
1,blue apron,2015-05-01 00:00:00,39.9,170,1
1,blue apron,2015-06-01 00:00:00,39.9,171,1
1,blue apron,2015-07-01 00:00:00,39.9,172,1
1,blue apron,2015-08-01 00:00:00,39.9,173,1
1,blue apron,2015-09-01 00:00:00,39.9,174,1
1,blue apron,2015-10-01 00:00:00,39.9,175,1
1,blue apron,2015-11-01 00:00:00,39.9,176,1
1,blue apron,2016-01-01 00:00:00,39.9,177,1
1,blue apron,2016-02-01 00:00:00,39.9,178,1
1,blue apron,2016-03-01 00:00:00,39.9,179,1
1,blue apron,2016-04-01 00:00:00,39.9,180,1
1,blue apron,2016-05-01 00:00:00,39.9,181,1
1,blue apron,2016-06-01 00:00:00,39.9,182,1
1,blue apron,2016-07-01 00:00:00,39.9,183,1
1,blue apron,2016-08-01 00:00:00,39.9,184,1
1,blue apron,2016-09-01 00:00:00,39.9,185,1
1,blue apron,2016-10-01 00:00:00,39.9,186,1
1,blue apron,2016-11-01 00:00:00,39.9,187,1
1,blue apron,2017-01-01 00:00:00,39.9,188,1
1,blue apron,2017-02-01 00:00:00,39.9,189,1
1,blue apron,2017-03-01 00:00:00,39.9,190,1
1,blue apron,2017-04-01 00:00:00,39.9,191,1
1,blue apron,2017-05-01 00:00:00,39.9,192,1
1,blue apron,2017-06-01 00:00:00,39.9,193,1
1,blue apron,2017-07-01 00:00:00,39.9,194,1
1,blue apron,2017-08-01 00:00:00,39.9,195,1
1,blue apron,2017-09-01 00:00:00,39.9,196,1
1,blue apron,2017-10-01 00:00:00,39.9,197,1
1,blue apron,2017-11-01 00:00:00,39.9,198,1
1,Cell Phone Plan,2015-01-01 00:00:00,45,199,1
1,Cell Phone Plan,2015-02-01 00:00:00,45,200,1
1,Cell Phone Plan,2015-03-01 00:00:00,45,201,1
1,Cell Phone Plan,2015-04-01 00:00:00,45,202,1
1,Cell Phone Plan,2015-05-01 00:00:00,45,203,1
1,Cell Phone Plan,2015-06-01 00:00:00,45,204,1
1,Cell Phone Plan,2015-07-01 00:00:00,45,205,1
1,Cell Phone Plan,2015-08-01 00:00:00,45,206,1
1,Cell Phone Plan,2015-09-01 00:00:00,45,207,1
1,Cell Phone Plan,2015-10-01 00:00:00,45,208,1
1,Cell Phone Plan,2015-11-01 00:00:00,45,209,1
1,Cell Phone Plan,2016-01-01 00:00:00,45,210,1
1,Cell Phone Plan,2016-02-01 00:00:00,45,211,1
1,Cell Phone Plan,2016-03-01 00:00:00,45,212,1
1,Cell Phone Plan,2016-04-01 00:00:00,45,213,1
1,Cell Phone Plan,2016-05-01 00:00:00,45,214,1
1,Cell Phone Plan,2016-06-01 00:00:00,45,215,1
1,Cell Phone Plan,2016-07-01 00:00:00,45,216,1
1,Cell Phone Plan,2016-08-01 00:00:00,45,217,1
1,Cell Phone Plan,2016-09-01 00:00:00,45,218,1
1,Cell Phone Plan,2016-10-01 00:00:00,45,219,1
1,Cell Phone Plan,2016-11-01 00:00:00,45,220,1
1,Cell Phone Plan,2017-01-01 00:00:00,45,221,1
1,Cell Phone Plan,2017-02-01 00:00:00,45,222,1
1,Cell Phone Plan,2017-03-01 00:00:00,45,223,1
1,Cell Phone Plan,2017-04-01 00:00:00,45,224,1
1,Cell Phone Plan,2017-05-01 00:00:00,45,225,1
1,Cell Phone Plan,2017-06-01 00:00:00,45,226,1
1,Cell Phone Plan,2017-07-01 00:00:00,45,227,1
1,Cell Phone Plan,2017-08-01 00:00:00,45,228,1
1,Cell Phone Plan,2017-09-01 00:00:00,45,229,1
1,Cell Phone Plan,2017-10-01 00:00:00,45,230,1
1,Cell Phone Plan,2017-11-01 00:00:00,45,231,1
1,ESPN,2015-01-01 00:00:00,4.99,232,1
1,ESPN,2015-02-01 00:00:00,4.99,233,1
1,ESPN,2015-03-01 00:00:00,4.99,234,1
1,ESPN,2015-04-01 00:00:00,4.99,235,1
1,ESPN,2015-05-01 00:00:00,4.99,236,1
1,ESPN,2015-06-01 00:00:00,4.99,237,1
1,ESPN,2015-07-01 00:00:00,4.99,238,1
1,ESPN,2015-08-01 00:00:00,4.99,239,1
1,ESPN,2015-09-01 00:00:00,4.99,240,1
1,ESPN,2015-10-01 00:00:00,4.99,241,1
1,ESPN,2015-11-01 00:00:00,4.99,242,1
1,ESPN,2016-01-01 00:00:00,4.99,243,1
1,ESPN,2016-02-01 00:00:00,4.99,244,1
1,ESPN,2016-03-01 00:00:00,4.99,245,1
1,ESPN,2016-04-01 00:00:00,4.99,246,1
1,ESPN,2016-05-01 00:00:00,4.99,247,1
1,ESPN,2016-06-01 00:00:00,4.99,248,1
1,ESPN,2016-07-01 00:00:00,4.99,249,1
1,ESPN,2016-08-01 00:00:00,4.99,250,1
1,ESPN,2016-09-01 00:00:00,4.99,251,1
1,ESPN,2016-10-01 00:00:00,4.99,252,1
1,ESPN,2016-11-01 00:00:00,4.99,253,1
1,ESPN,2017-01-01 00:00:00,4.99,254,1
1,ESPN,2017-02-01 00:00:00,4.99,255,1
1,ESPN,2017-03-01 00:00:00,4.99,256,1
1,ESPN,2017-04-01 00:00:00,4.99,257,1
1,ESPN,2017-05-01 00:00:00,4.99,258,1
1,ESPN,2017-06-01 00:00:00,4.99,259,1
1,ESPN,2017-07-01 00:00:00,4.99,260,1
1,ESPN,2017-08-01 00:00:00,4.99,261,1
1,ESPN,2017-09-01 00:00:00,4.99,262,1
1,ESPN,2017-10-01 00:00:00,4.99,263,1
1,ESPN,2017-11-01 00:00:00,4.99,264,1
1,Hello fresh classic plan,2015-01-01 00:00:00,24.99,265,1
1,Hello fresh classic plan,2015-02-01 00:00:00,24.99,266,1
1,Hello fresh classic plan,2015-03-01 00:00:00,24.99,267,1
1,Hello fresh classic plan,2015-04-01 00:00:00,24.99,268,1
1,Hello fresh classic plan,2015-05-01 00:00:00,24.99,269,1
1,Hello fresh classic plan,2015-06-01 00:00:00,24.99,270,1
1,Hello fresh classic plan,2015-07-01 00:00:00,24.99,271,1
1,Hello fresh classic plan,2015-08-01 00:00:00,24.99,272,1
1,Hello fresh classic plan,2015-09-01 00:00:00,24.99,273,1
1,Hello fresh classic plan,2015-10-01 00:00:00,24.99,274,1
1,Hello fresh classic plan,2015-11-01 00:00:00,24.99,275,1
1,Hello fresh classic plan,2016-01-01 00:00:00,24.99,276,1
1,Hello fresh classic plan,2016-02-01 00:00:00,24.99,277,1
1,Hello fresh classic plan,2016-03-01 00:00:00,24.99,278,1
1,Hello fresh classic plan,2016-04-01 00:00:00,24.99,279,1
1,Hello fresh classic plan,2016-05-01 00:00:00,24.99,280,1
1,Hello fresh classic plan,2016-06-01 00:00:00,24.99,281,1
1,Hello fresh classic plan,2016-07-01 00:00:00,24.99,282,1
1,Hello fresh classic plan,2016-08-01 00:00:00,24.99,283,1
1,Hello fresh classic plan,2016-09-01 00:00:00,24.99,284,1
1,Hello fresh classic plan,2016-10-01 00:00:00,24.99,285,1
1,Hello fresh classic plan,2016-11-01 00:00:00,24.99,286,1
1,Hello fresh classic plan,2017-01-01 00:00:00,24.99,287,1
1,Hello fresh classic plan,2017-02-01 00:00:00,24.99,288,1
1,Hello fresh classic plan,2017-03-01 00:00:00,24.99,289,1
1,Hello fresh classic plan,2017-04-01 00:00:00,24.99,290,1
1,Hello fresh classic plan,2017-05-01 00:00:00,24.99,291,1
1,Hello fresh classic plan,2017-06-01 00:00:00,24.99,292,1
1,Hello fresh classic plan,2017-07-01 00:00:00,24.99,293,1
1,Hello fresh classic plan,2017-08-01 00:00:00,24.99,294,1
1,Hello fresh classic plan,2017-09-01 00:00:00,24.99,295,1
1,Hello fresh classic plan,2017-10-01 00:00:00,24.99,296,1
1,Hello fresh classic plan,2017-11-01 00:00:00,24.99,297,1
1,Spotify,2015-01-01 00:00:00,9.9,298,1
1,Spotify,2015-02-01 00:00:00,9.9,299,1
1,Spotify,2015-03-01 00:00:00,9.9,300,1
1,Spotify,2015-04-01 00:00:00,9.9,301,1
1,Spotify,2015-05-01 00:00:00,9.9,302,1
1,Spotify,2015-06-01 00:00:00,9.9,303,1
1,Spotify,2015-07-01 00:00:00,9.9,304,1
1,Spotify,2015-08-01 00:00:00,9.9,305,1
1,Spotify,2015-09-01 00:00:00,9.9,306,1
1,Spotify,2015-10-01 00:00:00,9.9,307,1
1,Spotify,2015-11-01 00:00:00,9.9,308,1
1,Spotify,2016-01-01 00:00:00,9.9,309,1
1,Spotify,2016-02-01 00:00:00,9.9,310,1
1,Spotify,2016-03-01 00:00:00,9.9,311,1
1,Spotify,2016-04-01 00:00:00,9.9,312,1
1,Spotify,2016-05-01 00:00:00,9.9,313,1
1,Spotify,2016-06-01 00:00:00,9.9,314,1
1,Spotify,2016-07-01 00:00:00,9.9,315,1
1,Spotify,2016-08-01 00:00:00,9.9,316,1
1,Spotify,2016-09-01 00:00:00,9.9,317,1
1,Spotify,2016-10-01 00:00:00,9.9,318,1
1,Spotify,2016-11-01 00:00:00,9.9,319,1
1,Spotify,2017-01-01 00:00:00,9.9,320,1
1,Spotify,2017-02-01 00:00:00,9.9,321,1
1,Spotify,2017-03-01 00:00:00,9.9,322,1
1,Spotify,2017-04-01 00:00:00,9.9,323,1
1,Spotify,2017-05-01 00:00:00,9.9,324,1
1,Spotify,2017-06-01 00:00:00,9.9,325,1
1,Spotify,2017-07-01 00:00:00,9.9,326,1
1,Spotify,2017-08-01 00:00:00,9.9,327,1
1,Spotify,2017-09-01 00:00:00,9.9,328,1
1,Spotify,2017-10-01 00:00:00,9.9,329,1
1,Spotify,2017-11-01 00:00:00,9.9,330,1
1,Amazon Prime,2015-01-01 00:00:00,39,331,1
1,Amazon Prime,2015-04-01 00:00:00,39,332,1
1,Amazon Prime,2015-07-01 00:00:00,39,333,1
1,Amazon Prime,2015-10-01 00:00:00,39,334,1
1,Amazon Prime,2016-01-01 00:00:00,39,335,1
1,Amazon Prime,2016-04-01 00:00:00,39,336,1
1,Amazon Prime,2016-07-01 00:00:00,39,337,1
1,Amazon Prime,2016-10-01 00:00:00,39,338,1
1,Amazon Prime,2017-01-01 00:00:00,39,339,1
1,Amazon Prime,2017-04-01 00:00:00,39,340,1
1,Amazon Prime,2017-07-01 00:00:00,39,341,1
1,Amazon Prime,2017-10-01 00:00:00,39,342,1
1,Dollar Shave clube,2015-01-01 00:00:00,3.99,343,1
1,Dollar Shave clube,2015-02-01 00:00:00,3.99,344,1
1,Dollar Shave clube,2015-03-01 00:00:00,3.99,345,1
1,Dollar Shave clube,2015-04-01 00:00:00,3.99,346,1
1,Dollar Shave clube,2015-05-01 00:00:00,3.99,347,1
1,Dollar Shave clube,2015-06-01 00:00:00,3.99,348,1
1,Dollar Shave clube,2015-07-01 00:00:00,3.99,349,1
1,Dollar Shave clube,2015-08-01 00:00:00,3.99,350,1
1,Dollar Shave clube,2015-09-01 00:00:00,3.99,351,1
1,Dollar Shave clube,2015-10-01 00:00:00,3.99,352,1
1,Dollar Shave clube,2015-11-01 00:00:00,3.99,353,1
1,Dollar Shave clube,2016-01-01 00:00:00,3.99,354,1
1,Dollar Shave clube,2016-02-01 00:00:00,3.99,355,1
1,Dollar Shave clube,2016-03-01 00:00:00,3.99,356,1
1,Dollar Shave clube,2016-04-01 00:00:00,3.99,357,1
1,Dollar Shave clube,2016-05-01 00:00:00,3.99,358,1
1,Dollar Shave clube,2016-06-01 00:00:00,3.99,359,1
1,Dollar Shave clube,2016-07-01 00:00:00,3.99,360,1
1,Dollar Shave clube,2016-08-01 00:00:00,3.99,361,1
1,Dollar Shave clube,2016-09-01 00:00:00,3.99,362,1
1,Dollar Shave clube,2016-10-01 00:00:00,3.99,363,1
1,Dollar Shave clube,2016-11-01 00:00:00,3.99,364,1
1,Dollar Shave clube,2017-01-01 00:00:00,3.99,365,1
1,Dollar Shave clube,2017-02-01 00:00:00,3.99,366,1
1,Dollar Shave clube,2017-03-01 00:00:00,3.99,367,1
1,Dollar Shave clube,2017-04-01 00:00:00,3.99,368,1
1,Dollar Shave clube,2017-05-01 00:00:00,3.99,369,1
1,Dollar Shave clube,2017-06-01 00:00:00,3.99,370,1
1,Dollar Shave clube,2017-07-01 00:00:00,3.99,371,1
1,Dollar Shave clube,2017-08-01 00:00:00,3.99,372,1
1,Dollar Shave clube,2017-09-01 00:00:00,3.99,373,1
1,Dollar Shave clube,2017-10-01 00:00:00,3.99,374,1
1,Dollar Shave clube,2017-11-01 00:00:00,3.99,375,1
1,HeadSpace,2015-01-01 00:00:00,95,376,1
1,HeadSpace,2016-01-01 00:00:00,95,377,1
1,HeadSpace,2017-01-01 00:00:00,95,378,1
1,Wix Unlimited,2015-01-01 00:00:00,14,379,1
1,Wix Unlimited,2015-02-01 00:00:00,14,380,1
1,Wix Unlimited,2015-03-01 00:00:00,14,381,1
1,Wix Unlimited,2015-04-01 00:00:00,14,382,1
1,Wix Unlimited,2015-05-01 00:00:00,14,383,1
1,Wix Unlimited,2015-06-01 00:00:00,14,384,1
1,Wix Unlimited,2015-07-01 00:00:00,14,385,1
1,Wix Unlimited,2015-08-01 00:00:00,14,386,1
1,Wix Unlimited,2015-09-01 00:00:00,14,387,1
1,Wix Unlimited,2015-10-01 00:00:00,14,388,1
1,Wix Unlimited,2015-11-01 00:00:00,14,389,1
1,Wix Unlimited,2016-01-01 00:00:00,14,390,1
1,Wix Unlimited,2016-02-01 00:00:00,14,391,1
1,Wix Unlimited,2016-03-01 00:00:00,14,392,1
1,Wix Unlimited,2016-04-01 00:00:00,14,393,1
1,Wix Unlimited,2016-05-01 00:00:00,14,394,1
1,Wix Unlimited,2016-06-01 00:00:00,14,395,1
1,Wix Unlimited,2016-07-01 00:00:00,14,396,1
1,Wix Unlimited,2016-08-01 00:00:00,14,397,1
1,Wix Unlimited,2016-09-01 00:00:00,14,398,1
1,Wix Unlimited,2016-10-01 00:00:00,14,399,1
1,Wix Unlimited,2016-11-01 00:00:00,14,400,1
1,Wix Unlimited,2017-01-01 00:00:00,14,401,1
1,Wix Unlimited,2017-02-01 00:00:00,14,402,1
1,Wix Unlimited,2017-03-01 00:00:00,14,403,1
1,Wix Unlimited,2017-04-01 00:00:00,14,404,1
1,Wix Unlimited,2017-05-01 00:00:00,14,405,1
1,Wix Unlimited,2017-06-01 00:00:00,14,406,1
1,Wix Unlimited,2017-07-01 00:00:00,14,407,1
1,Wix Unlimited,2017-08-01 00:00:00,14,408,1
1,Wix Unlimited,2017-09-01 00:00:00,14,409,1
1,Wix Unlimited,2017-10-01 00:00:00,14,410,1
1,Wix Unlimited,2017-11-01 00:00:00,14,411,1
1,Love Food snack pack,2015-01-01 00:00:00,19.9,412,1
1,Love Food snack pack,2015-02-01 00:00:00,19.9,413,1
1,Love Food snack pack,2015-03-01 00:00:00,19.9,414,1
1,Love Food snack pack,2015-04-01 00:00:00,19.9,415,1
1,Love Food snack pack,2015-05-01 00:00:00,19.9,416,1
1,Love Food snack pack,2015-06-01 00:00:00,19.9,417,1
1,Love Food snack pack,2015-07-01 00:00:00,19.9,418,1
1,Love Food snack pack,2015-08-01 00:00:00,19.9,419,1
1,Love Food snack pack,2015-09-01 00:00:00,19.9,420,1
1,Love Food snack pack,2015-10-01 00:00:00,19.9,421,1
1,Love Food snack pack,2015-11-01 00:00:00,19.9,422,1
1,Love Food snack pack,2016-01-01 00:00:00,19.9,423,1
1,Love Food snack pack,2016-02-01 00:00:00,19.9,424,1
1,Love Food snack pack,2016-03-01 00:00:00,19.9,425,1
1,Love Food snack pack,2016-04-01 00:00:00,19.9,426,1
1,Love Food snack pack,2016-05-01 00:00:00,19.9,427,1
1,Love Food snack pack,2016-06-01 00:00:00,19.9,428,1
1,Love Food snack pack,2016-07-01 00:00:00,19.9,429,1
1,Love Food snack pack,2016-08-01 00:00:00,19.9,430,1
1,Love Food snack pack,2016-09-01 00:00:00,19.9,431,1
1,Love Food snack pack,2016-10-01 00:00:00,19.9,432,1
1,Love Food snack pack,2016-11-01 00:00:00,19.9,433,1
1,Love Food snack pack,2017-01-01 00:00:00,19.9,434,1
1,Love Food snack pack,2017-02-01 00:00:00,19.9,435,1
1,Love Food snack pack,2017-03-01 00:00:00,19.9,436,1
1,Love Food snack pack,2017-04-01 00:00:00,19.9,437,1
1,Love Food snack pack,2017-05-01 00:00:00,19.9,438,1
1,Love Food snack pack,2017-06-01 00:00:00,19.9,439,1
1,Love Food snack pack,2017-07-01 00:00:00,19.9,440,1
1,Love Food snack pack,2017-08-01 00:00:00,19.9,441,1
1,Love Food snack pack,2017-09-01 00:00:00,19.9,442,1
1,Love Food snack pack,2017-10-01 00:00:00,19.9,443,1
1,Love Food snack pack,2017-11-01 00:00:00,19.9,444,1
1,dropbox plus,2015-01-01 00:00:00,9.9,445,1
1,dropbox plus,2015-02-01 00:00:00,9.9,446,1
1,dropbox plus,2015-03-01 00:00:00,9.9,447,1
1,dropbox plus,2015-04-01 00:00:00,9.9,448,1
1,dropbox plus,2015-05-01 00:00:00,9.9,449,1
1,dropbox plus,2015-06-01 00:00:00,9.9,450,1
1,dropbox plus,2015-07-01 00:00:00,9.9,451,1
1,dropbox plus,2015-08-01 00:00:00,9.9,452,1
1,dropbox plus,2015-09-01 00:00:00,9.9,453,1
1,dropbox plus,2015-10-01 00:00:00,9.9,454,1
1,dropbox plus,2015-11-01 00:00:00,9.9,455,1
1,dropbox plus,2016-01-01 00:00:00,9.9,456,1
1,dropbox plus,2016-02-01 00:00:00,9.9,457,1
1,dropbox plus,2016-03-01 00:00:00,9.9,458,1
1,dropbox plus,2016-04-01 00:00:00,9.9,459,1
1,dropbox plus,2016-05-01 00:00:00,9.9,460,1
1,dropbox plus,2016-06-01 00:00:00,9.9,461,1
1,dropbox plus,2016-07-01 00:00:00,9.9,462,1
1,dropbox plus,2016-08-01 00:00:00,9.9,463,1
1,dropbox plus,2016-09-01 00:00:00,9.9,464,1
1,dropbox plus,2016-10-01 00:00:00,9.9,465,1
1,dropbox plus,2016-11-01 00:00:00,9.9,466,1
1,dropbox plus,2017-01-01 00:00:00,9.9,467,1
1,dropbox plus,2017-02-01 00:00:00,9.9,468,1
1,dropbox plus,2017-03-01 00:00:00,9.9,469,1
1,dropbox plus,2017-04-01 00:00:00,9.9,470,1
1,dropbox plus,2017-05-01 00:00:00,9.9,471,1
1,dropbox plus,2017-06-01 00:00:00,9.9,472,1
1,dropbox plus,2017-07-01 00:00:00,9.9,473,1
1,dropbox plus,2017-08-01 00:00:00,9.9,474,1
1,dropbox plus,2017-09-01 00:00:00,9.9,475,1
1,dropbox plus,2017-10-01 00:00:00,9.9,476,1
1,dropbox plus,2017-11-01 00:00:00,9.9,477,1
1,iCloud,2015-01-01 00:00:00,0.99,478,1
1,iCloud,2015-02-01 00:00:00,0.99,479,1
1,iCloud,2015-03-01 00:00:00,0.99,480,1
1,iCloud,2015-04-01 00:00:00,0.99,481,1
1,iCloud,2015-05-01 00:00:00,0.99,482,1
1,iCloud,2015-06-01 00:00:00,0.99,483,1
1,iCloud,2015-07-01 00:00:00,0.99,484,1
1,iCloud,2015-08-01 00:00:00,0.99,485,1
1,iCloud,2015-09-01 00:00:00,0.99,486,1
1,iCloud,2015-10-01 00:00:00,0.99,487,1
1,iCloud,2015-11-01 00:00:00,0.99,488,1
1,iCloud,2016-01-01 00:00:00,0.99,489,1
1,iCloud,2016-02-01 00:00:00,0.99,490,1
1,iCloud,2016-03-01 00:00:00,0.99,491,1
1,iCloud,2016-04-01 00:00:00,0.99,492,1
1,iCloud,2016-05-01 00:00:00,0.99,493,1
1,iCloud,2016-06-01 00:00:00,0.99,494,1
1,iCloud,2016-07-01 00:00:00,0.99,495,1
1,iCloud,2016-08-01 00:00:00,0.99,496,1
1,iCloud,2016-09-01 00:00:00,0.99,497,1
1,iCloud,2016-10-01 00:00:00,0.99,498,1
1,iCloud,2016-11-01 00:00:00,0.99,499,1
1,iCloud,2017-01-01 00:00:00,0.99,500,1
1,iCloud,2017-02-01 00:00:00,0.99,501,1
1,iCloud,2017-03-01 00:00:00,0.99,502,1
1,iCloud,2017-04-01 00:00:00,0.99,503,1
1,iCloud,2017-05-01 00:00:00,0.99,504,1
1,iCloud,2017-06-01 00:00:00,0.99,505,1
1,iCloud,2017-07-01 00:00:00,0.99,506,1
1,iCloud,2017-08-01 00:00:00,0.99,507,1
1,iCloud,2017-09-01 00:00:00,0.99,508,1
1,iCloud,2017-10-01 00:00:00,0.99,509,1
1,iCloud,2017-11-01 00:00:00,0.99,510,1
1,ebay,2015-01-01 00:00:00,21.95,511,1
1,ebay,2015-02-01 00:00:00,21.95,512,1
1,ebay,2015-03-01 00:00:00,21.95,513,1
1,ebay,2015-04-01 00:00:00,21.95,514,1
1,ebay,2015-05-01 00:00:00,21.95,515,1
1,ebay,2015-06-01 00:00:00,21.95,516,1
1,ebay,2015-07-01 00:00:00,21.95,517,1
1,ebay,2015-08-01 00:00:00,21.95,518,1
1,ebay,2015-09-01 00:00:00,21.95,519,1
1,ebay,2015-10-01 00:00:00,21.95,520,1
1,ebay,2015-11-01 00:00:00,21.95,521,1
1,ebay,2016-01-01 00:00:00,21.95,522,1
1,ebay,2016-02-01 00:00:00,21.95,523,1
1,ebay,2016-03-01 00:00:00,21.95,524,1
1,ebay,2016-04-01 00:00:00,21.95,525,1
1,ebay,2016-05-01 00:00:00,21.95,526,1
1,ebay,2016-06-01 00:00:00,21.95,527,1
1,ebay,2016-07-01 00:00:00,21.95,528,1
1,ebay,2016-08-01 00:00:00,21.95,529,1
1,ebay,2016-09-01 00:00:00,21.95,530,1
1,ebay,2016-10-01 00:00:00,21.95,531,1
1,ebay,2016-11-01 00:00:00,21.95,532,1
1,ebay,2017-01-01 00:00:00,21.95,533,1
1,ebay,2017-02-01 00:00:00,21.95,534,1
1,ebay,2017-03-01 00:00:00,21.95,535,1
1,ebay,2017-04-01 00:00:00,21.95,536,1
1,ebay,2017-05-01 00:00:00,21.95,537,1
1,ebay,2017-06-01 00:00:00,21.95,538,1
1,ebay,2017-07-01 00:00:00,21.95,539,1
1,ebay,2017-08-01 00:00:00,21.95,540,1
1,ebay,2017-09-01 00:00:00,21.95,541,1
1,ebay,2017-10-01 00:00:00,21.95,542,1
1,ebay,2017-11-01 00:00:00,21.95,543,1
1,Kindle Unlimited,2015-01-01 00:00:00,9.9,544,1
1,Kindle Unlimited,2015-02-01 00:00:00,9.9,545,1
1,Kindle Unlimited,2015-03-01 00:00:00,9.9,546,1
1,Kindle Unlimited,2015-04-01 00:00:00,9.9,547,1
1,Kindle Unlimited,2015-05-01 00:00:00,9.9,548,1
1,Kindle Unlimited,2015-06-01 00:00:00,9.9,549,1
1,Kindle Unlimited,2015-07-01 00:00:00,9.9,550,1
1,Kindle Unlimited,2015-08-01 00:00:00,9.9,551,1
1,Kindle Unlimited,2015-09-01 00:00:00,9.9,552,1
1,Kindle Unlimited,2015-10-01 00:00:00,9.9,553,1
1,Kindle Unlimited,2015-11-01 00:00:00,9.9,554,1
1,Kindle Unlimited,2016-01-01 00:00:00,9.9,555,1
1,Kindle Unlimited,2016-02-01 00:00:00,9.9,556,1
1,Kindle Unlimited,2016-03-01 00:00:00,9.9,557,1
1,Kindle Unlimited,2016-04-01 00:00:00,9.9,558,1
1,Kindle Unlimited,2016-05-01 00:00:00,9.9,559,1
1,Kindle Unlimited,2016-06-01 00:00:00,9.9,560,1
1,Kindle Unlimited,2016-07-01 00:00:00,9.9,561,1
1,Kindle Unlimited,2016-08-01 00:00:00,9.9,562,1
1,Kindle Unlimited,2016-09-01 00:00:00,9.9,563,1
1,Kindle Unlimited,2016-10-01 00:00:00,9.9,564,1
1,Kindle Unlimited,2016-11-01 00:00:00,9.9,565,1
1,Kindle Unlimited,2017-01-01 00:00:00,9.9,566,1
1,Kindle Unlimited,2017-02-01 00:00:00,9.9,567,1
1,Kindle Unlimited,2017-03-01 00:00:00,9.9,568,1
1,Kindle Unlimited,2017-04-01 00:00:00,9.9,569,1
1,Kindle Unlimited,2017-05-01 00:00:00,9.9,570,1
1,Kindle Unlimited,2017-06-01 00:00:00,9.9,571,1
1,Kindle Unlimited,2017-07-01 00:00:00,9.9,572,1
1,Kindle Unlimited,2017-08-01 00:00:00,9.9,573,1
1,Kindle Unlimited,2017-09-01 00:00:00,9.9,574,1
1,Kindle Unlimited,2017-10-01 00:00:00,9.9,575,1
1,Kindle Unlimited,2017-11-01 00:00:00,9.9,576,1
1,Grocery Delivery,2015-01-01 00:00:00,14.99,577,1
1,Grocery Delivery,2015-02-01 00:00:00,14.99,578,1
1,Grocery Delivery,2015-03-01 00:00:00,14.99,579,1
1,Grocery Delivery,2015-04-01 00:00:00,14.99,580,1
1,Grocery Delivery,2015-05-01 00:00:00,14.99,581,1
1,Grocery Delivery,2015-06-01 00:00:00,14.99,582,1
1,Grocery Delivery,2015-07-01 00:00:00,14.99,583,1
1,Grocery Delivery,2015-08-01 00:00:00,14.99,584,1
1,Grocery Delivery,2015-09-01 00:00:00,14.99,585,1
1,Grocery Delivery,2015-10-01 00:00:00,14.99,586,1
1,Grocery Delivery,2015-11-01 00:00:00,14.99,587,1
1,Grocery Delivery,2016-01-01 00:00:00,14.99,588,1
1,Grocery Delivery,2016-02-01 00:00:00,14.99,589,1
1,Grocery Delivery,2016-03-01 00:00:00,14.99,590,1
1,Grocery Delivery,2016-04-01 00:00:00,14.99,591,1
1,Grocery Delivery,2016-05-01 00:00:00,14.99,592,1
1,Grocery Delivery,2016-06-01 00:00:00,14.99,593,1
1,Grocery Delivery,2016-07-01 00:00:00,14.99,594,1
1,Grocery Delivery,2016-08-01 00:00:00,14.99,595,1
1,Grocery Delivery,2016-09-01 00:00:00,14.99,596,1
1,Grocery Delivery,2016-10-01 00:00:00,14.99,597,1
1,Grocery Delivery,2016-11-01 00:00:00,14.99,598,1
1,Grocery Delivery,2017-01-01 00:00:00,14.99,599,1
1,Grocery Delivery,2017-02-01 00:00:00,14.99,600,1
1,Grocery Delivery,2017-03-01 00:00:00,14.99,601,1
1,Grocery Delivery,2017-04-01 00:00:00,14.99,602,1
1,Grocery Delivery,2017-05-01 00:00:00,14.99,603,1
1,Grocery Delivery,2017-06-01 00:00:00,14.99,604,1
1,Grocery Delivery,2017-07-01 00:00:00,14.99,605,1
1,Grocery Delivery,2017-08-01 00:00:00,14.99,606,1
1,Grocery Delivery,2017-09-01 00:00:00,14.99,607,1
1,Grocery Delivery,2017-10-01 00:00:00,14.99,608,1
1,Grocery Delivery,2017-11-01 00:00:00,14.99,609,1
1,sephora monthly box,2015-01-01 00:00:00,9.9,610,1
1,sephora monthly box,2015-02-01 00:00:00,9.9,611,1
1,sephora monthly box,2015-03-01 00:00:00,9.9,612,1
1,sephora monthly box,2015-04-01 00:00:00,9.9,613,1
1,sephora monthly box,2015-05-01 00:00:00,9.9,614,1
1,sephora monthly box,2015-06-01 00:00:00,9.9,615,1
1,sephora monthly box,2015-07-01 00:00:00,9.9,616,1
1,sephora monthly box,2015-08-01 00:00:00,9.9,617,1
1,sephora monthly box,2015-09-01 00:00:00,9.9,618,1
1,sephora monthly box,2015-10-01 00:00:00,9.9,619,1
1,sephora monthly box,2015-11-01 00:00:00,9.9,620,1
1,sephora monthly box,2016-01-01 00:00:00,9.9,621,1
1,sephora monthly box,2016-02-01 00:00:00,9.9,622,1
1,sephora monthly box,2016-03-01 00:00:00,9.9,623,1
1,sephora monthly box,2016-04-01 00:00:00,9.9,624,1
1,sephora monthly box,2016-05-01 00:00:00,9.9,625,1
1,sephora monthly box,2016-06-01 00:00:00,9.9,626,1
1,sephora monthly box,2016-07-01 00:00:00,9.9,627,1
1,sephora monthly box,2016-08-01 00:00:00,9.9,628,1
1,sephora monthly box,2016-09-01 00:00:00,9.9,629,1
1,sephora monthly box,2016-10-01 00:00:00,9.9,630,1
1,sephora monthly box,2016-11-01 00:00:00,9.9,631,1
1,sephora monthly box,2017-01-01 00:00:00,9.9,632,1
1,sephora monthly box,2017-02-01 00:00:00,9.9,633,1
1,sephora monthly box,2017-03-01 00:00:00,9.9,634,1
1,sephora monthly box,2017-04-01 00:00:00,9.9,635,1
1,sephora monthly box,2017-05-01 00:00:00,9.9,636,1
1,sephora monthly box,2017-06-01 00:00:00,9.9,637,1
1,sephora monthly box,2017-07-01 00:00:00,9.9,638,1
1,sephora monthly box,2017-08-01 00:00:00,9.9,639,1
1,sephora monthly box,2017-09-01 00:00:00,9.9,640,1
1,sephora monthly box,2017-10-01 00:00:00,9.9,641,1
1,sephora monthly box,2017-11-01 00:00:00,9.9,642,1
1,Spotify,2015-01-01 00:00:00,9.9,643,1
1,Spotify,2015-02-01 00:00:00,9.9,644,1
1,Spotify,2015-03-01 00:00:00,9.9,645,1
1,Spotify,2015-04-01 00:00:00,9.9,646,1
1,Spotify,2015-05-01 00:00:00,9.9,647,1
1,Spotify,2015-06-01 00:00:00,9.9,648,1
1,Spotify,2015-07-01 00:00:00,9.9,649,1
1,Spotify,2015-08-01 00:00:00,9.9,650,1
1,Spotify,2015-09-01 00:00:00,9.9,651,1
1,Spotify,2015-10-01 00:00:00,9.9,652,1
1,Spotify,2015-11-01 00:00:00,9.9,653,1
1,Spotify,2016-01-01 00:00:00,9.9,654,1
1,Spotify,2016-02-01 00:00:00,9.9,655,1
1,Spotify,2016-03-01 00:00:00,9.9,656,1
1,Spotify,2016-04-01 00:00:00,9.9,657,1
1,Spotify,2016-05-01 00:00:00,9.9,658,1
1,Spotify,2016-06-01 00:00:00,9.9,659,1
1,Spotify,2016-07-01 00:00:00,9.9,660,1
1,Spotify,2016-08-01 00:00:00,9.9,661,1
1,Spotify,2016-09-01 00:00:00,9.9,662,1
1,Spotify,2016-10-01 00:00:00,9.9,663,1
1,Spotify,2016-11-01 00:00:00,9.9,664,1
1,Spotify,2017-01-01 00:00:00,9.9,665,1
1,Spotify,2017-02-01 00:00:00,9.9,666,1
1,Spotify,2017-03-01 00:00:00,9.9,667,1
1,Spotify,2017-04-01 00:00:00,9.9,668,1
1,Spotify,2017-05-01 00:00:00,9.9,669,1
1,Spotify,2017-06-01 00:00:00,9.9,670,1
1,Spotify,2017-07-01 00:00:00,9.9,671,1
1,Spotify,2017-08-01 00:00:00,9.9,672,1
1,Spotify,2017-09-01 00:00:00,9.9,673,1
1,Spotify,2017-10-01 00:00:00,9.9,674,1
1,Spotify,2017-11-01 00:00:00,9.9,675,1
1,Verizon Plan,2015-01-01 00:00:00,40,676,1
1,Verizon Plan,2015-02-01 00:00:00,40,677,1
1,Verizon Plan,2015-03-01 00:00:00,40,678,1
1,Verizon Plan,2015-04-01 00:00:00,40,679,1
1,Verizon Plan,2015-05-01 00:00:00,40,680,1
1,Verizon Plan,2015-06-01 00:00:00,40,681,1
1,Verizon Plan,2015-07-01 00:00:00,40,682,1
1,Verizon Plan,2015-08-01 00:00:00,40,683,1
1,Verizon Plan,2015-09-01 00:00:00,40,684,1
1,Verizon Plan,2015-10-01 00:00:00,40,685,1
1,Verizon Plan,2015-11-01 00:00:00,40,686,1
1,Verizon Plan,2016-01-01 00:00:00,40,687,1
1,Verizon Plan,2016-02-01 00:00:00,40,688,1
1,Verizon Plan,2016-03-01 00:00:00,40,689,1
1,Verizon Plan,2016-04-01 00:00:00,40,690,1
1,Verizon Plan,2016-05-01 00:00:00,40,691,1
1,Verizon Plan,2016-06-01 00:00:00,40,692,1
1,Verizon Plan,2016-07-01 00:00:00,40,693,1
1,Verizon Plan,2016-08-01 00:00:00,40,694,1
1,Verizon Plan,2016-09-01 00:00:00,40,695,1
1,Verizon Plan,2016-10-01 00:00:00,40,696,1
1,Verizon Plan,2016-11-01 00:00:00,40,697,1
1,Verizon Plan,2017-01-01 00:00:00,40,698,1
1,Verizon Plan,2017-02-01 00:00:00,40,699,1
1,Verizon Plan,2017-03-01 00:00:00,40,700,1
1,Verizon Plan,2017-04-01 00:00:00,40,701,1
1,Verizon Plan,2017-05-01 00:00:00,40,702,1
1,Verizon Plan,2017-06-01 00:00:00,40,703,1
1,Verizon Plan,2017-07-01 00:00:00,40,704,1
1,Verizon Plan,2017-08-01 00:00:00,40,705,1
1,Verizon Plan,2017-09-01 00:00:00,40,706,1
1,Verizon Plan,2017-10-01 00:00:00,40,707,1
1,Verizon Plan,2017-11-01 00:00:00,40,708,1
1,Home Chef,2015-01-01 00:00:00,7.9,709,1
1,Home Chef,2015-02-01 00:00:00,7.9,710,1
1,Home Chef,2015-03-01 00:00:00,7.9,711,1
1,Home Chef,2015-04-01 00:00:00,7.9,712,1
1,Home Chef,2015-05-01 00:00:00,7.9,713,1
1,Home Chef,2015-06-01 00:00:00,7.9,714,1
1,Home Chef,2015-07-01 00:00:00,7.9,715,1
1,Home Chef,2015-08-01 00:00:00,7.9,716,1
1,Home Chef,2015-09-01 00:00:00,7.9,717,1
1,Home Chef,2015-10-01 00:00:00,7.9,718,1
1,Home Chef,2015-11-01 00:00:00,7.9,719,1
1,Home Chef,2016-01-01 00:00:00,7.9,720,1
1,Home Chef,2016-02-01 00:00:00,7.9,721,1
1,Home Chef,2016-03-01 00:00:00,7.9,722,1
1,Home Chef,2016-04-01 00:00:00,7.9,723,1
1,Home Chef,2016-05-01 00:00:00,7.9,724,1
1,Home Chef,2016-06-01 00:00:00,7.9,725,1
1,Home Chef,2016-07-01 00:00:00,7.9,726,1
1,Home Chef,2016-08-01 00:00:00,7.9,727,1
1,Home Chef,2016-09-01 00:00:00,7.9,728,1
1,Home Chef,2016-10-01 00:00:00,7.9,729,1
1,Home Chef,2016-11-01 00:00:00,7.9,730,1
1,Home Chef,2017-01-01 00:00:00,7.9,731,1
1,Home Chef,2017-02-01 00:00:00,7.9,732,1
1,Home Chef,2017-03-01 00:00:00,7.9,733,1
1,Home Chef,2017-04-01 00:00:00,7.9,734,1
1,Home Chef,2017-05-01 00:00:00,7.9,735,1
1,Home Chef,2017-06-01 00:00:00,7.9,736,1
1,Home Chef,2017-07-01 00:00:00,7.9,737,1
1,Home Chef,2017-08-01 00:00:00,7.9,738,1
1,Home Chef,2017-09-01 00:00:00,7.9,739,1
1,Home Chef,2017-10-01 00:00:00,7.9,740,1
1,Home Chef,2017-11-01 00:00:00,7.9,741,1
1,costco membership,2015-01-01 00:00:00,120,742,1
1,costco membership,2016-01-01 00:00:00,120,743,1
1,costco membership,2017-01-01 00:00:00,120,744,1
1,Netflix,2015-01-01 00:00:00,10.99,745,1
1,Netflix,2015-02-01 00:00:00,10.99,746,1
1,Netflix,2015-03-01 00:00:00,10.99,747,1
1,Netflix,2015-04-01 00:00:00,10.99,748,1
1,Netflix,2015-05-01 00:00:00,10.99,749,1
1,Netflix,2015-06-01 00:00:00,10.99,750,1
1,Netflix,2015-07-01 00:00:00,10.99,751,1
1,Netflix,2015-08-01 00:00:00,10.99,752,1
1,Netflix,2015-09-01 00:00:00,10.99,753,1
1,Netflix,2015-10-01 00:00:00,10.99,754,1
1,Netflix,2015-11-01 00:00:00,10.99,755,1
1,Netflix,2016-01-01 00:00:00,10.99,756,1
1,Netflix,2016-02-01 00:00:00,10.99,757,1
1,Netflix,2016-03-01 00:00:00,10.99,758,1
1,Netflix,2016-04-01 00:00:00,10.99,759,1
1,Netflix,2016-05-01 00:00:00,10.99,760,1
1,Netflix,2016-06-01 00:00:00,10.99,761,1
1,Netflix,2016-07-01 00:00:00,10.99,762,1
1,Netflix,2016-08-01 00:00:00,10.99,763,1
1,Netflix,2016-09-01 00:00:00,10.99,764,1
1,Netflix,2016-10-01 00:00:00,10.99,765,1
1,Netflix,2016-11-01 00:00:00,10.99,766,1
1,Netflix,2017-01-01 00:00:00,10.99,767,1
1,Netflix,2017-02-01 00:00:00,10.99,768,1
1,Netflix,2017-03-01 00:00:00,10.99,769,1
1,Netflix,2017-04-01 00:00:00,10.99,770,1
1,Netflix,2017-05-01 00:00:00,10.99,771,1
1,Netflix,2017-06-01 00:00:00,10.99,772,1
1,Netflix,2017-07-01 00:00:00,10.99,773,1
1,Netflix,2017-08-01 00:00:00,10.99,774,1
1,Netflix,2017-09-01 00:00:00,10.99,775,1
1,Netflix,2017-10-01 00:00:00,10.99,776,1
1,Netflix,2017-11-01 00:00:00,10.99,777,1
1,Fill Oil Refill,2015-01-01 00:00:00,17.99,778,1
1,Fill Oil Refill,2015-03-01 00:00:00,17.99,779,1
1,Fill Oil Refill,2015-05-01 00:00:00,17.99,780,1
1,Fill Oil Refill,2015-07-01 00:00:00,17.99,781,1
1,Fill Oil Refill,2015-09-01 00:00:00,17.99,782,1
1,Fill Oil Refill,2015-11-01 00:00:00,17.99,783,1
1,Fill Oil Refill,2016-01-01 00:00:00,17.99,784,1
1,Fill Oil Refill,2016-03-01 00:00:00,17.99,785,1
1,Fill Oil Refill,2016-05-01 00:00:00,17.99,786,1
1,Fill Oil Refill,2016-07-01 00:00:00,17.99,787,1
1,Fill Oil Refill,2016-09-01 00:00:00,17.99,788,1
1,Fill Oil Refill,2016-11-01 00:00:00,17.99,789,1
1,Fill Oil Refill,2017-01-01 00:00:00,17.99,790,1
1,Fill Oil Refill,2017-03-01 00:00:00,17.99,791,1
1,Fill Oil Refill,2017-05-01 00:00:00,17.99,792,1
1,Fill Oil Refill,2017-07-01 00:00:00,17.99,793,1
1,Fill Oil Refill,2017-09-01 00:00:00,17.99,794,1
1,Fill Oil Refill,2017-11-01 00:00:00,17.99,795,1
1,bouqs flower,2015-01-01 00:00:00,19.9,796,1
1,bouqs flower,2015-02-01 00:00:00,19.9,797,1
1,bouqs flower,2015-03-01 00:00:00,19.9,798,1
1,bouqs flower,2015-04-01 00:00:00,19.9,799,1
1,bouqs flower,2015-05-01 00:00:00,19.9,800,1
1,bouqs flower,2015-06-01 00:00:00,19.9,801,1
1,bouqs flower,2015-07-01 00:00:00,19.9,802,1
1,bouqs flower,2015-08-01 00:00:00,19.9,803,1
1,bouqs flower,2015-09-01 00:00:00,19.9,804,1
1,bouqs flower,2015-10-01 00:00:00,19.9,805,1
1,bouqs flower,2015-11-01 00:00:00,19.9,806,1
1,bouqs flower,2016-01-01 00:00:00,19.9,807,1
1,bouqs flower,2016-02-01 00:00:00,19.9,808,1
1,bouqs flower,2016-03-01 00:00:00,19.9,809,1
1,bouqs flower,2016-04-01 00:00:00,19.9,810,1
1,bouqs flower,2016-05-01 00:00:00,19.9,811,1
1,bouqs flower,2016-06-01 00:00:00,19.9,812,1
1,bouqs flower,2016-07-01 00:00:00,19.9,813,1
1,bouqs flower,2016-08-01 00:00:00,19.9,814,1
1,bouqs flower,2016-09-01 00:00:00,19.9,815,1
1,bouqs flower,2016-10-01 00:00:00,19.9,816,1
1,bouqs flower,2016-11-01 00:00:00,19.9,817,1
1,bouqs flower,2017-01-01 00:00:00,19.9,818,1
1,bouqs flower,2017-02-01 00:00:00,19.9,819,1
1,bouqs flower,2017-03-01 00:00:00,19.9,820,1
1,bouqs flower,2017-04-01 00:00:00,19.9,821,1
1,bouqs flower,2017-05-01 00:00:00,19.9,822,1
1,bouqs flower,2017-06-01 00:00:00,19.9,823,1
1,bouqs flower,2017-07-01 00:00:00,19.9,824,1
1,bouqs flower,2017-08-01 00:00:00,19.9,825,1
1,bouqs flower,2017-09-01 00:00:00,19.9,826,1
1,bouqs flower,2017-10-01 00:00:00,19.9,827,1
1,bouqs flower,2017-11-01 00:00:00,19.9,828,1
1,Tinder Plus,2015-01-01 00:00:00,9.9,829,1
1,Tinder Plus,2015-02-01 00:00:00,9.9,830,1
1,Tinder Plus,2015-03-01 00:00:00,9.9,831,1
1,Tinder Plus,2015-04-01 00:00:00,9.9,832,1
1,Tinder Plus,2015-05-01 00:00:00,9.9,833,1
1,Tinder Plus,2015-06-01 00:00:00,9.9,834,1
1,Tinder Plus,2015-07-01 00:00:00,9.9,835,1
1,Tinder Plus,2015-08-01 00:00:00,9.9,836,1
1,Tinder Plus,2015-09-01 00:00:00,9.9,837,1
1,Tinder Plus,2015-10-01 00:00:00,9.9,838,1
1,Tinder Plus,2015-11-01 00:00:00,9.9,839,1
1,Tinder Plus,2016-01-01 00:00:00,9.9,840,1
1,Tinder Plus,2016-02-01 00:00:00,9.9,841,1
1,Tinder Plus,2016-03-01 00:00:00,9.9,842,1
1,Tinder Plus,2016-04-01 00:00:00,9.9,843,1
1,Tinder Plus,2016-05-01 00:00:00,9.9,844,1
1,Tinder Plus,2016-06-01 00:00:00,9.9,845,1
1,Tinder Plus,2016-07-01 00:00:00,9.9,846,1
1,Tinder Plus,2016-08-01 00:00:00,9.9,847,1
1,Tinder Plus,2016-09-01 00:00:00,9.9,848,1
1,Tinder Plus,2016-10-01 00:00:00,9.9,849,1
1,Tinder Plus,2016-11-01 00:00:00,9.9,850,1
1,Tinder Plus,2017-01-01 00:00:00,9.9,851,1
1,Tinder Plus,2017-02-01 00:00:00,9.9,852,1
1,Tinder Plus,2017-03-01 00:00:00,9.9,853,1
1,Tinder Plus,2017-04-01 00:00:00,9.9,854,1
1,Tinder Plus,2017-05-01 00:00:00,9.9,855,1
1,Tinder Plus,2017-06-01 00:00:00,9.9,856,1
1,Tinder Plus,2017-07-01 00:00:00,9.9,857,1
1,Tinder Plus,2017-08-01 00:00:00,9.9,858,1
1,Tinder Plus,2017-09-01 00:00:00,9.9,859,1
1,Tinder Plus,2017-10-01 00:00:00,9.9,860,1
1,Tinder Plus,2017-11-01 00:00:00,9.9,861,1
1,Gym membership,2015-01-01 00:00:00,21.99,862,1
1,Gym membership,2015-02-01 00:00:00,21.99,863,1
1,Gym membership,2015-03-01 00:00:00,21.99,864,1
1,Gym membership,2015-04-01 00:00:00,21.99,865,1
1,Gym membership,2015-05-01 00:00:00,21.99,866,1
1,Gym membership,2015-06-01 00:00:00,21.99,867,1
1,Gym membership,2015-07-01 00:00:00,21.99,868,1
1,Gym membership,2015-08-01 00:00:00,21.99,869,1
1,Gym membership,2015-09-01 00:00:00,21.99,870,1
1,Gym membership,2015-10-01 00:00:00,21.99,871,1
1,Gym membership,2015-11-01 00:00:00,21.99,872,1
1,Gym membership,2016-01-01 00:00:00,21.99,873,1
1,Gym membership,2016-02-01 00:00:00,21.99,874,1
1,Gym membership,2016-03-01 00:00:00,21.99,875,1
1,Gym membership,2016-04-01 00:00:00,21.99,876,1
1,Gym membership,2016-05-01 00:00:00,21.99,877,1
1,Gym membership,2016-06-01 00:00:00,21.99,878,1
1,Gym membership,2016-07-01 00:00:00,21.99,879,1
1,Gym membership,2016-08-01 00:00:00,21.99,880,1
1,Gym membership,2016-09-01 00:00:00,21.99,881,1
1,Gym membership,2016-10-01 00:00:00,21.99,882,1
1,Gym membership,2016-11-01 00:00:00,21.99,883,1
1,Gym membership,2017-01-01 00:00:00,21.99,884,1
1,Gym membership,2017-02-01 00:00:00,21.99,885,1
1,Gym membership,2017-03-01 00:00:00,21.99,886,1
1,Gym membership,2017-04-01 00:00:00,21.99,887,1
1,Gym membership,2017-05-01 00:00:00,21.99,888,1
1,Gym membership,2017-06-01 00:00:00,21.99,889,1
1,Gym membership,2017-07-01 00:00:00,21.99,890,1
1,Gym membership,2017-08-01 00:00:00,21.99,891,1
1,Gym membership,2017-09-01 00:00:00,21.99,892,1
1,Gym membership,2017-10-01 00:00:00,21.99,893,1
1,Gym membership,2017-11-01 00:00:00,21.99,894,1
1,Hulu,2015-01-01 00:00:00,7.9,895,1
1,Hulu,2015-02-01 00:00:00,7.9,896,1
1,Hulu,2015-03-01 00:00:00,7.9,897,1
1,Hulu,2015-04-01 00:00:00,7.9,898,1
1,Hulu,2015-05-01 00:00:00,7.9,899,1
1,Hulu,2015-06-01 00:00:00,7.9,900,1
1,Hulu,2015-07-01 00:00:00,7.9,901,1
1,Hulu,2015-08-01 00:00:00,7.9,902,1
1,Hulu,2015-09-01 00:00:00,7.9,903,1
1,Hulu,2015-10-01 00:00:00,7.9,904,1
1,Hulu,2015-11-01 00:00:00,7.9,905,1
1,Hulu,2016-01-01 00:00:00,7.9,906,1
1,Hulu,2016-02-01 00:00:00,7.9,907,1
1,Hulu,2016-03-01 00:00:00,7.9,908,1
1,Hulu,2016-04-01 00:00:00,7.9,909,1
1,Hulu,2016-05-01 00:00:00,7.9,910,1
1,Hulu,2016-06-01 00:00:00,7.9,911,1
1,Hulu,2016-07-01 00:00:00,7.9,912,1
1,Hulu,2016-08-01 00:00:00,7.9,913,1
1,Hulu,2016-09-01 00:00:00,7.9,914,1
1,Hulu,2016-10-01 00:00:00,7.9,915,1
1,Hulu,2016-11-01 00:00:00,7.9,916,1
1,Hulu,2017-01-01 00:00:00,7.9,917,1
1,Hulu,2017-02-01 00:00:00,7.9,918,1
1,Hulu,2017-03-01 00:00:00,7.9,919,1
1,Hulu,2017-04-01 00:00:00,7.9,920,1
1,Hulu,2017-05-01 00:00:00,7.9,921,1
1,Hulu,2017-06-01 00:00:00,7.9,922,1
1,Hulu,2017-07-01 00:00:00,7.9,923,1
1,Hulu,2017-08-01 00:00:00,7.9,924,1
1,Hulu,2017-09-01 00:00:00,7.9,925,1
1,Hulu,2017-10-01 00:00:00,7.9,926,1
1,Hulu,2017-11-01 00:00:00,7.9,927,1
-,-,2018-10-21 11:04:40,-,-
